{"mean":{"confidence_interval":{"confidence_level":0.95,"lower_bound":-0.9675566603121931,"upper_bound":-0.9650941314489403},"point_estimate":-0.9664365885031281,"standard_error":0.0006710064465689883},"median":{"confidence_interval":{"confidence_level":0.95,"lower_bound":-0.9686988061316983,"upper_bound":-0.9675032591739386},"point_estimate":-0.9682779741342474,"standard_error":0.0003420069360391701}}
